{
  "project_info": {
    "project_number": "732070453335",
    "firebase_url": "https://crypto-app-dfd3a-default-rtdb.firebaseio.com",
    "project_id": "crypto-app-dfd3a",
    "storage_bucket": "crypto-app-dfd3a.appspot.com"
  },
  "client": [
    {
      "client_info": {
        "mobilesdk_app_id": "1:732070453335:android:61f5712a4da33d40950312",
        "android_client_info": {
          "package_name": "com.spartanhill.walletclient"
        }
      },
      "oauth_client": [
        {
          "client_id": "732070453335-dr2ebv3jhvv760cg7n0dcmbiaou3pvsv.apps.googleusercontent.com",
          "client_type": 3
        }
      ],
      "api_key": [
        {
          "current_key": "AIzaSyDfbzioEfHSQ_ukb-6ijLDhsx8LDksF48A"
        }
      ],
      "services": {
        "appinvite_service": {
          "other_platform_oauth_client": [
            {
              "client_id": "732070453335-dr2ebv3jhvv760cg7n0dcmbiaou3pvsv.apps.googleusercontent.com",
              "client_type": 3
            }
          ]
        }
      }
    }
  ],
  "configuration_version": "1"
}